{"task-661": 1772406007.414958, "task-660": 1772406010.25504, "task-659": 1772406012.7408147}